Feature,PortSiz,NormPress,ConSize,PressNum,X,Y
Water Hydrant,6,80,,550-093A,505357.7958,5451853.7183
Water Hydrant,,86,,550-099A,505771.4783,5451992.1835
Water Hydrant,,86,,550-095A,505573.2782,5451829.0688
Water Hydrant,,64,,650-007A,506957.526,5453064.0015
Water Hydrant,,84,,504W-038A,505875.9963,5450360.7117
Water Hydrant,,76,,504W-051A,505280.5315,5450655.9843
Water Hydrant,,86,,425+-027A,503612.5468,5449631.6288
Water Hydrant,,110,,350E-047A,505090.7719,5450101.2823
Water Hydrant,4,116,,350E-011B,506929.5131,5450088.7829
Water Hydrant,,116,,350E-011A,506791.3691,5449971.7469
Water Hydrant,6,110,6,350W-045A,504943.392,5448822.9599
Water Hydrant,,64,,504W-020A,506747.8359,5450618.4503
Water Hydrant,6,92,6,410-023,508170.8967,5452999.8803
Water Hydrant,6,80,6,550-144,506405.6046,5450821.9357
Water Hydrant,6,94,6,550-098,505639.7089,5451997.3009
Water Hydrant,6,96,6,504E-048,507389.6751,5452547.7693
Water Hydrant,6,120,6,504E-047,507561.404,5452544.6228
Water Hydrant,6,74,6,410-012,507784.9372,5452540.806
Water Hydrant,6,96,6,410-026,508191.0314,5453334.2237
Water Hydrant,6,,6,350W-087,505437.4883,5448832.2452
Water Hydrant,6,,6,350W-088,505456.3975,5448875.5064
Water Hydrant,6,,6,350W-086,505383.6826,5448804.0056
Water Hydrant,6,,6,350W-085,505310.485,5448918.8646
Water Hydrant,6,,6,350W-084,505250.5092,5449012.9775
Water Hydrant,6,,6,350W-090,505333.0762,5449069.0512
Water Hydrant,6,,6,350W-089,505390.5112,5448978.8926
Water Hydrant,6,72,6,504W-058A,505324.7062,5450230.6029
Water Hydrant,6,124,6,504W-056A,505274.0328,5450287.7507
Water Hydrant,6,116,6,504W-057,505198.775,5450378.7876
Water Hydrant,6,58,6,550-182,506346.8116,5452460.9274
Water Hydrant,6,,6,410-027A,508094.8576,5453193.3519
Water Hydrant,6,88,6,550-149,506564.8658,5450847.8372
Water Hydrant,6,108,6,350W-022A,504412.3835,5448323.2652
Water Hydrant,6,108,6,350W-037A,504783.8843,5448306.7323
Water Hydrant,6,110,6,350W-036A,504687.5074,5448464.6976
Water Hydrant,6,56,6,550-081A,505969.4697,5450934.8186
Water Hydrant,6,62,6,550-082A,505876.6452,5450858.3592
Water Hydrant,6,90,6,550-047A,504742.9356,5450927.0058
Water Hydrant,6,110,6,350W-029A,504437.4668,5448673.887
Water Hydrant,6,138,6,425+-014A,504914.0032,5450167.8428
Water Hydrant,6,70,6,504W-027A,506304.0566,5450530.3489
Water Hydrant,,,,350W-018A,504229.9565,5448517.1948
Water Hydrant,,,,350W-041A,504355.1374,5447805.0391
Water Hydrant,,,,410-052A,508846.7955,5452991.7432
Water Hydrant,,,,410-000A,508938.3445,5452854.5853
Water Hydrant,,,,410-007A,507800.7457,5452860.9973
Water Hydrant,,,,410-12A,507637.0245,5452543.3752
Water Hydrant,,,,504W-080,507396.3259,5451203.2154
Water Hydrant,,,,504W-085,507251.6402,5451500.7162
Water Hydrant,,,,504W-084,507296.9931,5451416.5152
Water Hydrant,,,,504W-083,507378.4953,5451361.108
Water Hydrant,,,,504W-082,507455.2927,5451310.6563
Water Hydrant,,,,504W-081,507480.7062,5451285.897
Water Hydrant,,,,504W-086,507177.1128,5451443.1483
Water Hydrant,,,,504W-087,507217.3964,5451351.2026
Water Hydrant,,,,504W-088,507298.8788,5451259.7017
Water Hydrant,6,,6,504W-079,507396.239,5451108.6937
Water Hydrant,,,,504W-091,507395.384,5451003.7936
Water Hydrant,,,,504W-090,507472.9464,5451058.3179
Water Hydrant,,,,504W-089,507493.6831,5451125.3148
Water Hydrant,,,,504W-042A,505616.826,5450852.9868
Water Hydrant,6,90,,550-020A,503574.6318,5450212.6028
Water Hydrant,6,102,6,550-017A,503633.3235,5450141.2931
Water Hydrant,6,,6,350E-028A,506133.251,5450012.9703
Water Hydrant,6,,6,350E-040C,506217.9165,5449952.7536
Water Hydrant,6,,6,350E-040B,506186.201,5449906.5174
Water Hydrant,6,100,6,350E-040A,506139.8126,5449888.4524
Water Hydrant,,,,350W-001A,503195.0316,5447498.1138
Water Hydrant,,,,350W-005A,503326.9615,5447615.0282
Water Hydrant,,,,350W-006A,503396.9536,5447860.481
Water Hydrant,6,84,6,550-149A,506626.7268,5450862.8355
Water Hydrant,6,90,6,550-129A,506199.1927,5451876.8418
Water Hydrant,6,100,6,550-117,506312.2637,5451938.5254
Water Hydrant,6,90,6,550-018A,503518.5783,5450282.3884
Water Hydrant,6,72,6,504W-034,505812.6985,5450622.9867
Water Hydrant,6,156,6,504E-057,507696.5895,5453903.6353
Water Hydrant,6,86,6,504E-024A,506763.8354,5451939.4244
Water Hydrant,6,92,6,410-013A,507752.1054,5452222.3471
Water Hydrant,6,110,6,350W-030,504283.5692,5448919.7592
Water Hydrant,6,116,6,350E-055,506248.0543,5449676.3206
Water Hydrant,6,116,6,350E-051B,506532.8175,5449774.5284
Water Hydrant,6,118,6,410-066,507856.4229,5451966.9146
Water Hydrant,6,118,6,410-068,507821.5274,5451810.8229
Water Hydrant,6,118,6,410-067,507841.1987,5451898.815
Water Hydrant,6,70,6,350E-031A,506510.2742,5450178.8169
Water Hydrant,4,110,,350W-101,505552.6693,5449253.6543
Water Hydrant,,72,,410-009A,507723.3127,5452961.165
Water Hydrant,4,64,,504W-034A,505725.3754,5450720.6999
Water Hydrant,,115,,350E-092,505370.795,5450239.2817
Water Hydrant,,80,,350E-091,505433.7581,5450162.8941
Water Hydrant,6,115,6,350E-024A,506240.4804,5449722.4767
Water Hydrant,,96,,350E-090,505501.2558,5450084.9358
Water Hydrant,,130,,425+028,503304.6731,5449387.2569
Water Hydrant,6,114,6,350E-024,506342.96,5449753.1776
Water Hydrant,,110,,350W-023A,504510.4586,5448361.5093
Water Hydrant,,110,,350W-033A,504666.6272,5448667.9172
Water Hydrant,,110,,350W-033B,504760.8788,5448513.6826
Water Hydrant,,78,,504W-005A,507448.3948,5450898.8664
Water Hydrant,6,,6,550-137A,506023.5797,5451061.4635
Water Hydrant,6,,6,550-137B,506149.5908,5450908.5847
Water Hydrant,6,,6,504W-024A,506206.8178,5450228.3817
Water Hydrant,6,110,6,350W-054,505120.1539,5448956.5129
Water Hydrant,6,84,6,550-096A,505604.3611,5452064.9491
Water Hydrant,6,110,6,350W-079,503495.1936,5447844.1573
Water Hydrant,6,110,6,350W-076,503536.4082,5447653.6428
Water Hydrant,6,110,6,350W-078,503592.4228,5447827.2548
Water Hydrant,6,68,6,504W-018A,506825.731,5450866.4236
Water Hydrant,6,76,6,550-125,506329.8342,5451718.5777
Water Hydrant,6,102,6,425+-020,503860.0901,5449668.67
Water Hydrant,6,110,6,350W-077,503656.7672,5447724.279
Water Hydrant,6,110,6,350W-071A,503362.2413,5447347.6471
Water Hydrant,6,96,6,504W-015,507196.9705,5450905.9137
Water Hydrant,6,78,6,504W-035,505956.9302,5450454.9032
Water Hydrant,6,120,6,550-016B,503765.7431,5450017.4109
Water Hydrant,6,,,504E-076,506429.53,5452192.13
Water Hydrant,6,116,6,504E-061,507663,5453366.74
Water Hydrant,6,122,6,504E-062,507769.32,5453305.64
Water Hydrant,6,76,6,410-029,507993.99,5453325.86
Water Hydrant,6,92,6,410-032,507901.32,5453354.65
Water Hydrant,6,84,6,410-028,508097.3874,5453351.934
Water Hydrant,6,104,6,550-120,506382.3455,5451983.8284
Water Hydrant,6,102,6,550-118A,506427.5629,5451921.2528
Water Hydrant,6,112,6,504E-060,507590.03,5453460.1
Water Hydrant,6,80,6,410-003,507706.4659,5453565.6481
Water Hydrant,6,130,6,504E-063,507801.2,5453456.38
Water Hydrant,6,90,4,410-004,507812.2946,5453551.9379
Water Hydrant,6,124,6,504E-059,507593.29,5453645.47
Water Hydrant,6,146,6,504E-064,507495.54,5453607.33
Water Hydrant,6,142,6,504E-058,507690.61,5453674.84
Water Hydrant,6,100,6,410-002,507814.7655,5453671.9088
Water Hydrant,6,110,6,410-001,507818.0763,5453878.3747
Water Hydrant,6,100,6,504W-022,506434.62,5450398.08
Water Hydrant,6,110,6,504W-014,506513.1976,5450336.2226
Water Hydrant,6,80,6,504W-026,506345.9648,5450478.2499
Water Hydrant,6,96,6,504W-021,506660.4509,5450472.4178
Water Hydrant,6,68,6,504W-024,506361.38,5450646.01
Water Hydrant,6,100,6,550-143,506544.25,5450652.84
Water Hydrant,6,110,6,350W-001,503302.6352,5447422.0124
Water Hydrant,6,110,6,350W-072,503434.44,5447380.45
Water Hydrant,6,110,6,350W-073,503564.25,5447423.27
Water Hydrant,6,110,6,350W-005,503469.7542,5447528.6839
Water Hydrant,6,110,6,350W-071,503402.533,5447465.1265
Water Hydrant,6,110,6,350W-070,503570.04,5447575.6
Water Hydrant,6,110,6,350W-074,503632.06,5447504.47
Water Hydrant,6,110,6,350W-044,503823.19,5447494.05
Water Hydrant,6,110,6,350W-002,503167.0727,5447621.7899
Water Hydrant,6,110,6,350W-004,503384.6953,5447657.7366
Water Hydrant,6,110,6,350W-075,503521.785,5447490.2909
Water Hydrant,6,80,6,550-154A,506656.23,5450949.65
Water Hydrant,6,90,4,550-164,506832.31,5451013.11
Water Hydrant,6,94,6,550-165,506934.5,5450975.39
Water Hydrant,6,76,6,504W-016,507069.8713,5450991.032
Water Hydrant,6,70,6,504W-005,507350.44,5450958.66
Water Hydrant,6,,6,350E-002,507580.47,5451028.49
Water Hydrant,6,76,6,550-052,504537.63,5451180.61
Water Hydrant,6,76,6,550-051,504580.84,5451098.29
Water Hydrant,6,84,6,550-056,504805.48,5451127.6
Water Hydrant,6,84,6,550-059,504999.33,5451150.73
Water Hydrant,6,84,6,550-066,505416.09,5451096.48
Water Hydrant,6,80,6,550-065,505535.85,5451189.49
Water Hydrant,6,80,6,550-063,505600.85,5451114.88
Water Hydrant,6,80,6,550-081,505706.47,5451059.19
Water Hydrant,6,64,6,550-089,505810.5454,5451163.7911
Water Hydrant,6,66,6,550-141,506039.24,5451096.97
Water Hydrant,6,70,6,550-151,506373.6874,5451083.7693
Water Hydrant,6,110,6,350W-015,503962.1674,5448201.5493
Water Hydrant,6,110,6,350W-016,504271.99,5448227.44
Water Hydrant,6,110,4,350W-024,504592.3,5448237.12
Water Hydrant,6,110,6,350W-037,504760.6237,5448350.5789
Water Hydrant,6,110,6,350W-017,504137.39,5448461.38
Water Hydrant,6,110,6,350W-018,504241.9105,5448384.0914
Water Hydrant,6,110,4,350W-023,504432.6412,5448484.273
Water Hydrant,6,110,6,350W-059,503682.66,5448550.22
Water Hydrant,6,110,6,350W-026,504342.98,5448601.03
Water Hydrant,6,110,6,350W-025,504521.2541,5448563.3291
Water Hydrant,6,110,6,350W-058,503917.41,5448705.02
Water Hydrant,6,110,6,350W-057,504065.83,5448795.6
Water Hydrant,6,110,6,350W-027,504292.69,5448681.49
Water Hydrant,6,110,6,350W-033,504768.5871,5448716.9381
Water Hydrant,6,110,6,350W-028,504187.09,5448858.24
Water Hydrant,6,110,6,350W-029,504362.6945,5448791.5846
Water Hydrant,6,110,6,350W-056,504185.3,5448888.89
Water Hydrant,6,110,6,350W-032,504485.2842,5448783.1975
Water Hydrant,6,110,6,350W-036,504522.55,5448902
Water Hydrant,6,110,6,350W-055,504214.648,5449020.5144
Water Hydrant,6,114,6,410-043,508261.53,5452333.5
Water Hydrant,6,114,6,410-044,508367.17,5452383.68
Water Hydrant,6,110,6,650-001,506133.43,5452494.51
Water Hydrant,6,74,6,550-177,506175.1911,5452445.3801
Water Hydrant,6,64,6,550-178,506276.98,5452509.67
Water Hydrant,6,60,6,550-179,506402.68,5452548.68
Water Hydrant,6,63,6,550-181,506502.86,5452439.14
Water Hydrant,6,64,6,550-183,506407.756,5452420.8504
Water Hydrant,6,50,6,550-180,506567.0926,5452485.0811
Water Hydrant,6,90,6,650-024,506708.47,5452547.68
Water Hydrant,6,40,6,504E-012,506794.4,5452494.35
Water Hydrant,6,46,6,504E-013,506996.17,5452528.3
Water Hydrant,6,56,6,504E-014,506856.8967,5452413.4644
Water Hydrant,6,68,6,504E-018,507085.66,5452480.56
Water Hydrant,6,80,6,504E-036,507181.4,5452510.44
Water Hydrant,6,90,6,504E-037,507290.04,5452506.56
Water Hydrant,6,94,6,504E-039,507370.39,5452439.72
Water Hydrant,6,125,6,504E-046,507587.85,5452436.13
Water Hydrant,6,136,6,350E-006,506946.08,5450163.23
Water Hydrant,6,104,6,350E-018,506851.89,5450175.34
Water Hydrant,6,110,6,350E-017,506901.89,5450216.64
Water Hydrant,6,116,6,350E-015,506978.35,5450257.12
Water Hydrant,6,,6,350E-005,507104.12,5450291.47
Water Hydrant,6,90,6,550-018,503504.5,5450326.41
Water Hydrant,6,84,6,550-019,503721.09,5450394.78
Water Hydrant,6,90,6,550-027,503938.27,5450437.63
Water Hydrant,6,100,6,550-026,504002.44,5450359.78
Water Hydrant,6,102,6,550-032,504196.19,5450383.77
Water Hydrant,6,116,6,550-030,504382.28,5450388.27
Water Hydrant,6,98,6,504W-074,504581.1566,5450399.0678
Water Hydrant,6,72,6,425+-001,504471.51,5450308.73
Water Hydrant,6,82,6,425+-014,504649.9093,5450328.0714
Water Hydrant,6,106,6,504W-066,504763.3759,5450421.0961
Water Hydrant,6,120,6,504W-065,504837.77,5450366.15
Water Hydrant,6,120,6,504W-060,505013.33,5450384.8
Water Hydrant,6,120,6,504W-058,505127.361,5450341.7315
Water Hydrant,6,120,6,504W-054,505420.78,5450306.56
Water Hydrant,6,96,6,504W-048,505603.47,5450449.78
Water Hydrant,6,86,6,504W-039,505753.23,5450433.68
Water Hydrant,6,92,6,504W-038,505832.78,5450352.71
Water Hydrant,6,84,6,504W-031,506115.33,5450407.34
Water Hydrant,6,86,6,504W-027,506233.52,5450396.19
Water Hydrant,6,96,6,504W-028,506298.3845,5450321.4452
Water Hydrant,6,110,6,504W-013,506738.44,5450384.21
Water Hydrant,6,108,6,504W-012,506971.33,5450440.72
Water Hydrant,6,118,6,504W-012A,506875.1,5450345.79
Water Hydrant,6,110,6,350E-016,507043.8367,5450342.5249
Water Hydrant,6,,6,350E-004,507247.64,5450437.17
Water Hydrant,6,124,6,504W-001,507165.02,5450436.09
Water Hydrant,6,80,6,550-028,503820.76,5450580.38
Water Hydrant,6,92,6,550-033,504132.47,5450461.11
Water Hydrant,6,90,6,550-034A,504253.54,5450561.46
Water Hydrant,6,102,6,550-031,504308.91,5450464.01
Water Hydrant,6,100,6,550-037,504454.27,5450583.75
Water Hydrant,6,78,6,504W-078,504522.44,5450495.61
Water Hydrant,6,80,6,504W-077,504630.83,5450584.7
Water Hydrant,6,96,6,504W-073,504716.3,5450513.49
Water Hydrant,6,102,6,504W-067,504871.413,5450513.2789
Water Hydrant,6,,6,504W-057B,505111.4059,5450484.6203
Water Hydrant,6,76,6,504W-052,505319.1918,5450507.3645
Water Hydrant,6,92,6,504W-049,505534.79,5450517.33
Water Hydrant,6,68,6,504W-032,505983.1,5450567.88
Water Hydrant,6,66,6,504W-031A,506112.32,5450582.8
Water Hydrant,6,82,6,504W-020,506769.97,5450591.02
Water Hydrant,6,92,6,504W-010,506870.22,5450562.48
Water Hydrant,6,98,6,504W-009,506908.39,5450524.67
Water Hydrant,6,100,6,504W-002,507128.9,5450584.99
Water Hydrant,6,110,6,504W-011,507081.15,5450527.82
Water Hydrant,6,80,6,550-034,503998.03,5450623.67
Water Hydrant,6,84,6,550-035,504186.71,5450642.62
Water Hydrant,6,80,6,550-039,504310.64,5450744.67
Water Hydrant,6,96,6,550-038,504377.58,5450663.51
Water Hydrant,6,100,6,550-041,504566.91,5450687.36
Water Hydrant,6,82,6,504W-076,504736.65,5450671.81
Water Hydrant,6,92,6,504W-072,504824,5450612.71
Water Hydrant,6,88,6,504W-053,505166.47,5450616.65
Water Hydrant,6,84,6,504W-050,505448.33,5450622.27
Water Hydrant,6,80,6,504W-051,505402.93,5450647.5
Water Hydrant,6,78,6,504W-040,505611.19,5450606.84
Water Hydrant,6,76,6,504W-041,505549.79,5450696.75
Water Hydrant,6,64,6,504W-033,505897.9314,5450669.8034
Water Hydrant,6,62,6,550-087,506126.8148,5450732.2965
Water Hydrant,6,60,6,504W-025,506222.2988,5450668.551
Water Hydrant,6,66,6,504W-023,506455.0989,5450728.4019
Water Hydrant,6,80,6,410-015A,507679.4913,5452052.1979
Water Hydrant,6,110,6,350W-052A,505462.7569,5449230.1844
Water Hydrant,6,110,6,350W-048,505291.606,5449105.0386
Water Hydrant,6,62,6,550-156A,506497.3376,5451257.9282
Water Hydrant,6,110,6,350W-046,505222.5164,5449021.1514
Water Hydrant,6,102,6,350E-020A,506536.95,5449976.86
Water Hydrant,6,114,6,350E-009,506684.73,5449947.41
Water Hydrant,6,115,6,350E-010,506575.95,5449857.24
Water Hydrant,6,110,6,350E-012,506592.46,5449938.28
Water Hydrant,6,108,6,550-008A,503257.09,5450053.25
Water Hydrant,6,110,6,550-012,503446.97,5450107.57
Water Hydrant,6,114,4,550-013,503507.2869,5450036.9097
Water Hydrant,6,110,6,550-016A,503689.3,5450072.19
Water Hydrant,6,112,6,550-021,503915.48,5450139.81
Water Hydrant,6,132,6,550-023,504009.68,5450059.3
Water Hydrant,6,88,6,425+-011,504286.2819,5450031.5775
Water Hydrant,6,78,6,425+-003,504222.43,5450105.19
Water Hydrant,6,90,6,425+-012,504387.3105,5450114.7031
Water Hydrant,6,140,6,425+-022,504768.37,5450047.95
Water Hydrant,6,114,6,350E-047,505114.3,5450032.92
Water Hydrant,6,98,6,350E-051,505212.63,5450141.27
Water Hydrant,6,108,6,350E-045,505486.06,5450047.75
Water Hydrant,6,90,6,350E-049A,505388.9441,5450148.6846
Water Hydrant,6,70,6,350E-049,505562.41,5450135.94
Water Hydrant,6,90,6,350E-043A,505637.6927,5450041.5326
Water Hydrant,6,72,6,350E-043,505786.8,5450031.56
Water Hydrant,6,124,6,504W-044,505870.46,5450111.59
Water Hydrant,6,80,6,350E-041A,505957.34,5450005.51
Water Hydrant,6,64,6,350E-029,506219.05,5450082.75
Water Hydrant,6,90,6,350E-037,506498.37,5450044.08
Water Hydrant,6,108,6,350E-021,506639.73,5450000.07
Water Hydrant,6,105,6,350E-013,506696.15,5450024.33
Water Hydrant,6,88,6,504E-022,506946.44,5452069.31
Water Hydrant,6,96,6,504E-031,506988.19,5451955.68
Water Hydrant,6,90,6,504E-026,507025.53,5452029.48
Water Hydrant,6,90,6,504E-033,507109.28,5451997.52
Water Hydrant,6,90,6,504E-027,507221.1986,5452093.7611
Water Hydrant,6,96,6,504E-028,507260.92,5451968.78
Water Hydrant,6,98,6,504E-041,507364.99,5451992.46
Water Hydrant,6,130,6,504E-042,507573.4598,5451974.7058
Water Hydrant,6,102,6,410-014,507785.49,5451985.07
Water Hydrant,6,78,6,550-097,505743.28,5452166.82
Water Hydrant,6,88,6,550-105,505919.5814,5452203.0432
Water Hydrant,6,98,6,550-107,506014.37,5452122.41
Water Hydrant,6,98,6,550-109,505994.4559,5452159.3728
Water Hydrant,6,98,6,550-113,506182.97,5452171.53
Water Hydrant,6,98,6,550-108,506108.4612,5452203.9729
Water Hydrant,6,82,6,550-174,506408.87,5452212.89
Water Hydrant,6,88,6,504E-015,506812.79,5452218.65
Water Hydrant,6,88,6,504E-020,507023.85,5452205.44
Water Hydrant,6,90,6,504E-021,507112.961,5452190.4401
Water Hydrant,6,68,6,410-015,507587.6489,5452127.2941
Water Hydrant,6,100,6,410-038,507801.98,5452180.48
Water Hydrant,6,66,6,550-162,506678.4442,5451182.0857
Water Hydrant,6,80,6,550-053,504715.8005,5451206.8948
Water Hydrant,6,80,6,550-058,504919.75,5451247.33
Water Hydrant,6,84,6,550-068,505289.68,5451247.06
Water Hydrant,6,80,6,550-069,505344.77,5451320.93
Water Hydrant,6,80,6,550-070,505207.25,5451334.7
Water Hydrant,6,84,6,550-067,505468.53,5451275.42
Water Hydrant,6,78,6,550-079,505734.88,5451226.59
Water Hydrant,6,80,6,550-078,505666.35,5451296.51
Water Hydrant,6,68,6,550-142,505916.87,5451237.61
Water Hydrant,6,60,6,550-133,505982.13,5451323.82
Water Hydrant,6,62,6,550-147,506059.62,5451243.19
Water Hydrant,6,62,6,550-157,506465.96,5451305.51
Water Hydrant,6,62,6,550-156,506534.2438,5451215.9658
Water Hydrant,6,64,6,550-161,506652.9255,5451313.6841
Water Hydrant,6,86,6,550-166,506896.97,5451247.07
Water Hydrant,6,88,6,550-167,506940.43,5451228.47
Water Hydrant,6,90,6,550-168,506942.37,5451293.76
Water Hydrant,6,80,6,550-057,504800.2441,5451394.904
Water Hydrant,6,72,6,550-072,505047.4193,5451479.9715
Water Hydrant,6,74,6,550-071,505122.75,5451419.0396
Water Hydrant,6,116,6,650-031,507964.61,5452537.43
Water Hydrant,6,104,6,410-037,507990.05,5452427.06
Water Hydrant,6,100,6,410-036,508042.09,5452518.73
Water Hydrant,6,112,6,410-046,508401.19,5452507.33
Water Hydrant,6,112,6,410-045,508428.18,5452425.67
Water Hydrant,6,104,6,650-002,506279.9,5452614.9
Water Hydrant,6,100,6,650-027,506503.11,5452584.77
Water Hydrant,6,90,6,650-025,506599.77,5452600.01
Water Hydrant,6,79,6,650-023,506695.22,5452613.95
Water Hydrant,6,78,6,650-022,506661.05,5452688.5
Water Hydrant,6,86,6,650-013,506945.4,5452637.82
Water Hydrant,6,50,6,504E-017,507087.74,5452598.2
Water Hydrant,6,80,6,504E-038,507291.25,5452575.5
Water Hydrant,6,84,6,504E-054,507375.72,5452652.84
Water Hydrant,6,116,6,504E-052,507533.23,5452645.78
Water Hydrant,6,70,6,410-011,507796.7276,5452623.216
Water Hydrant,6,90,6,410-017,508029.25,5452633.78
Water Hydrant,6,112,6,410-047,508371.17,5452598.2
Water Hydrant,6,114,6,410-048,508351.05,5452689.11
Water Hydrant,6,110,6,410-000,508996.5853,5452638.927
Water Hydrant,6,84,6,650-004,506500.17,5452798.84
Water Hydrant,6,98,6,650-003,506400.11,5452712.61
Water Hydrant,6,80,6,650-026,506550.06,5452737.27
Water Hydrant,6,76,6,650-021,506730.75,5452744.65
Water Hydrant,6,94,6,650-011,507096.7,5452759.3
Water Hydrant,6,88,6,650-017,507039.98,5452829.75
Water Hydrant,6,92,6,650-012,507021.88,5452701.39
Water Hydrant,6,104,6,650-010,507191.75,5452837.57
Water Hydrant,6,50,6,504E-035,507184.92,5452723.77
Water Hydrant,6,75,6,504E-053,507378.77,5452817.98
Water Hydrant,6,96,,504E-049,507457.21,5452796.92
Water Hydrant,6,108,6,504E-051,507542.5,5452814.68
Water Hydrant,6,130,6,504E-055,507790.42,5452791.55
Water Hydrant,6,135,6,504E-056,507907.72,5452789.58
Water Hydrant,6,98,6,410-018,508137.82,5452786.41
Water Hydrant,6,114,6,410-035,508268.2,5452824.67
Water Hydrant,6,114,6,410-049,508436.12,5452742.1
Water Hydrant,6,114,6,410-050,508562.71,5452788.38
Water Hydrant,6,114,6,410-051,508715.27,5452835.48
Water Hydrant,6,74,6,650-005,506598.64,5452879.78
Water Hydrant,6,76,6,650-020,506888.89,5452868.92
Water Hydrant,6,84,6,650-018,507050.72,5452987.55
Water Hydrant,6,98,6,650-014,507196.26,5452948.6
Water Hydrant,6,68,,504E-074,507353.4899,5452959.311
Water Hydrant,6,50,6,410-009,507611.2194,5452962.9199
Water Hydrant,6,64,6,410-008,507652.5088,5452864.6355
Water Hydrant,6,70,6,410-007,507802.8828,5452990.8396
Water Hydrant,6,70,6,410-020,507895.21,5452984.56
Water Hydrant,6,76,6,410-021,507979.77,5452998.66
Water Hydrant,6,82,6,410-022,508083.06,5452981.42
Water Hydrant,6,114,6,410-034,508378.01,5452978.46
Water Hydrant,6,114,6,410-052,508777.69,5452920.21
Water Hydrant,6,114,6,410-053,508996.44,5452855.16
Water Hydrant,6,71,6,650-006,506840.77,5453077.2
Water Hydrant,6,93,6,650-016,507105.84,5453031.97
Water Hydrant,6,116,6,650-009,507285.18,5453026.01
Water Hydrant,6,94,6,650-015,507173.07,5453111.39
Water Hydrant,6,84,6,504E-073,507381.94,5453004.71
Water Hydrant,6,96,6,504E-050,507547,5453086.69
Water Hydrant,6,60,6,410-010,507657.0618,5453058.9846
Water Hydrant,6,128,6,650-030,508282.24,5453124.03
Water Hydrant,6,108,6,410-024,508271.13,5453002.8
Water Hydrant,6,114,6,410-033,508487.91,5453134.48
Water Hydrant,6,116,6,410-054A,508591.531,5453142.0336
Water Hydrant,6,78,6,650-007,506967.0098,5453187.8359
Water Hydrant,6,86,6,650-008,507042.2038,5453249.6535
Water Hydrant,6,120,6,650-015B,507288.26,5453226.616
Water Hydrant,6,106,6,650-015A,507220.51,5453193.45
Water Hydrant,6,82,6,504E-072,507385.57,5453214.99
Water Hydrant,6,88,6,504E-066,507489.91,5453287.26
Water Hydrant,6,100,6,504E-067,507537.6,5453222.13
Water Hydrant,6,68,6,410-005,507708.4,5453218.58
Water Hydrant,6,74,6,410-006,507795.53,5453214.9
Water Hydrant,6,72,6,410-031,507899.16,5453223.56
Water Hydrant,6,78,6,410-030,507988.01,5453210.31
Water Hydrant,6,82,6,410-027,508082.49,5453208.75
Water Hydrant,6,128,6,650-029,508286.85,5453243.19
Water Hydrant,6,98,6,410-025,508201.52,5453206.79
Water Hydrant,6,116,6,410-055,508375.73,5453203.88
Water Hydrant,6,94,6,650-008A,507124.198,5453317.0622
Water Hydrant,6,112,6,650-008B,507227.8466,5453402.2722
Water Hydrant,6,82,6,504E-071,507387.5,5453328.13
Water Hydrant,6,102,6,504E-065,507492.76,5453449.67
Water Hydrant,6,,6,350W-091,505401.2353,5449104.2772
Water Hydrant,6,,6,350W-092,505449.331,5449028.8073
Water Hydrant,6,,6,350W-093,505509.8064,5448933.9118
Water Hydrant,6,,6,350W-095,505476.7122,5449139.351
Water Hydrant,6,,6,350W-096,505523.5186,5449065.9042
Water Hydrant,6,,6,350W-097,505568.0645,5448996.0044
Water Hydrant,6,,6,350W-094,505499.4434,5448901.9143
Water Hydrant,6,,6,350W-098,505630.3377,5449069.4801
Water Hydrant,6,,6,350W-099,505621.0724,5449135.233
Water Hydrant,6,,6,350W-100,505544.6177,5449187.5835
Water Hydrant,6,110,6,350E-040,506095.9724,5449852.3598
Water Hydrant,6,100,6,350E-038,506367.88,5449941.38
Water Hydrant,6,110,6,350E-025,506295.75,5449873.68
Water Hydrant,6,112,6,350E-022,506522.21,5449913.46
Water Hydrant,6,116,6,350E-026,506409.4028,5449886.3991
Water Hydrant,6,96,6,350E-037A,506464.145,5449983.7878
Water Hydrant,6,80,6,504E-070,507351.07,5453502.33
Water Hydrant,6,94,6,550-148,506634.5,5450727.25
Water Hydrant,6,76,6,504W-019,506823.5399,5450741.5516
Water Hydrant,6,98,6,504W-008,507012.74,5450610.91
Water Hydrant,6,104,6,504W-007,507148,5450732.18
Water Hydrant,6,124,6,504W-003,507273.32,5450666.75
Water Hydrant,6,,6,350E-003,507377.9,5450607.25
Water Hydrant,6,72,6,550-036,504065.49,5450789.07
Water Hydrant,6,70,6,550-040,504191.81,5450888.78
Water Hydrant,6,80,6,550-042,504431.94,5450851.06
Water Hydrant,6,84,6,550-047,504604.65,5450845.2
Water Hydrant,6,96,6,550-048,504691.95,5450779.42
Water Hydrant,6,100,6,550-049,504803.4055,5450853.5919
Water Hydrant,6,94,6,550-061,504999.97,5450888.59
Water Hydrant,6,70,6,504W-070,505060.81,5450783.17
Water Hydrant,6,72,6,504W-061,505325.72,5450771.08
Water Hydrant,6,68,6,504W-042,505432.84,5450837.45
Water Hydrant,6,64,6,504W-043,505643.46,5450782.46
Water Hydrant,6,88,6,550-083,505747.53,5450859.72
Water Hydrant,6,84,6,550-084,505814.28,5450771.17
Water Hydrant,6,80,6,550-086,505957.19,5450754.76
Water Hydrant,6,72,6,550-085,506062.2068,5450824.6563
Water Hydrant,6,72,6,550-138,506233.9612,5450806.2251
Water Hydrant,6,80,6,550-139,506310.68,5450757.56
Water Hydrant,6,90,6,550-154,506785.67,5450851.59
Water Hydrant,6,84,6,504W-018,506903.52,5450760.88
Water Hydrant,6,90,6,504W-017,507098.5213,5450821.3684
Water Hydrant,6,108,6,504W-006,507249.64,5450805.1
Water Hydrant,6,122,6,504W-004,507323.42,5450776.54
Water Hydrant,6,74,6,550-044,504439.45,5451045.54
Water Hydrant,6,70,6,550-043,504315.5,5450992.29
Water Hydrant,6,80,6,550-046,504532.2,5450933.04
Water Hydrant,6,74,6,550-045,504477.09,5450999.87
Water Hydrant,6,80,6,550-050,504661.9863,5451032.6177
Water Hydrant,6,88,6,550-055,504874.74,5451043.53
Water Hydrant,6,92,6,550-054,504935.3693,5450980.569
Water Hydrant,6,84,6,550-060,505126.21,5450997.84
Water Hydrant,6,80,6,550-064,505479.51,5451020.22
Water Hydrant,6,84,6,550-080,505631.2545,5451005.6162
Water Hydrant,6,84,6,550-062,505543.857,5450948.4698
Water Hydrant,6,84,6,550-083A,505672.54,5450943.15
Water Hydrant,6,80,6,550-082,505815.09,5450925.4289
Water Hydrant,6,70,6,550-088,505939.6561,5451010.7393
Water Hydrant,6,70,6,550-140,506167.23,5450929.59
Water Hydrant,6,68,6,550-145,506264.56,5450996.43
Water Hydrant,6,78,6,550-150,506507.01,5450916.09
Water Hydrant,6,70,6,550-155,506666.43,5451048.02
Water Hydrant,6,90,6,550-116,506049.9825,5452306.7763
Water Hydrant,6,72,6,550-115,506000.16,5452391.91
Water Hydrant,6,90,6,550-114,506112.84,5452258.78
Water Hydrant,6,78,6,550-176,506235.6688,5452372.005
Water Hydrant,6,78,6,550-175,506314.3602,5452317.5617
Water Hydrant,6,80,6,550-173,506477.3158,5452302.445
Water Hydrant,6,60,6,504E-011,506675.519,5452388.4742
Water Hydrant,6,80,6,504E-016,506945.52,5452326.44
Water Hydrant,6,84,6,504E-019,507083.28,5452345.51
Water Hydrant,6,90,6,504E-034,507197.97,5452339.64
Water Hydrant,6,94,6,504E-040,507368.76,5452340.77
Water Hydrant,6,68,6,410-016,507598.62,5452322.4
Water Hydrant,6,92,6,410-013,507781.3,5452319.38
Water Hydrant,6,110,6,410-039,507905.24,5452285.92
Water Hydrant,6,116,6,410-041,508144.87,5452340.68
Water Hydrant,6,116,6,410-040,508059.06,5452394.8535
Water Hydrant,6,114,6,410-042,508200.78,5452304.66
Water Hydrant,6,70,6,550-106,505880.25,5452293.2
Water Hydrant,6,90,6,350E-036,506571.02,5450067.68
Water Hydrant,6,84,6,350E-035,506623.45,5450144.82
Water Hydrant,6,96,6,350E-020,506684.23,5450103.1
Water Hydrant,6,114,6,350E-008,506762.02,5450011.29
Water Hydrant,6,104,6,350E-019,506719.64,5450066.07
Water Hydrant,6,114,6,350E-014,506808.19,5450116.99
Water Hydrant,6,125,6,350E-007,506851.08,5450084.74
Water Hydrant,6,102,4,550-011,503390.06,5450179.09
Water Hydrant,6,106,6,550-017,503637.57,5450164.88
Water Hydrant,6,94,6,550-019A,503801.15,5450296.95
Water Hydrant,6,104,6,550-020,503867.76,5450216.74
Water Hydrant,6,110,6,550-025,504084.18,5450279.16
Water Hydrant,6,124,6,550-024,504159.65,5450183.22
Water Hydrant,6,120,6,550-029,504236.37,5450246
Water Hydrant,6,74,6,425+-002,504334.41,5450197.4
Water Hydrant,6,104,6,425+-016,504592.06,5450162.58
Water Hydrant,6,88,6,425+-013,504513.6017,5450219.0389
Water Hydrant,6,84,6,550-077,505319.48,5451426.92
Water Hydrant,6,70,6,550-090,505550.4476,5451467.7309
Water Hydrant,6,68,6,550-137,505766.47,5451358.48
Water Hydrant,6,68,6,550-134,505878.22,5451449.97
Water Hydrant,6,62,6,550-132,506061.2,5451489.33
Water Hydrant,6,60,6,550-153,506107.89,5451391.47
Water Hydrant,6,62,6,550-159,506332.84,5451469.67
Water Hydrant,6,84,6,550-169,506848.75,5451409.93
Water Hydrant,6,72,4,550-170,506734.08,5451404.45
Water Hydrant,6,96,6,410-060,507571.81,5451410.59
Water Hydrant,6,80,6,550-074,505028.5978,5451528.2936
Water Hydrant,6,84,6,550-075,505173.19,5451604.51
Water Hydrant,6,84,6,550-076,505242.98,5451519.84
Water Hydrant,6,74,6,550-091,505483.1688,5451545.1819
Water Hydrant,6,80,6,550-092,505408.2452,5451636.1126
Water Hydrant,6,76,6,550-136,505624.56,5451530.01
Water Hydrant,6,78,6,550-135,505738.95,5451619.04
Water Hydrant,6,70,6,550-131,505994.72,5451568.16
Water Hydrant,6,64,6,550-124,506268.4834,5451542.4425
Water Hydrant,6,88,6,550-171,506697.67,5451594.26
Water Hydrant,6,96,6,410-059,507598.47,5451541.51
Water Hydrant,6,88,6,410-058,507577.7254,5451578.9543
Water Hydrant,6,84,6,410-062,507631.656,5451624.7081
Water Hydrant,6,132,6,350E-001,507689.29,5451547.33
Water Hydrant,6,84,6,550-093,505292.0649,5451777.1143
Water Hydrant,6,84,6,550-094,505520.5366,5451713.8405
Water Hydrant,6,88,6,550-095,505616.8,5451767.29
Water Hydrant,6,80,6,550-102,505854.95,5451739.49
Water Hydrant,6,72,6,550-130,505930.04,5451656.35
Water Hydrant,6,80,6,550-128,506066.03,5451776.12
Water Hydrant,6,74,6,550-127,506135.98,5451691.23
Water Hydrant,6,82,6,550-126,506266.1,5451792.4
Water Hydrant,6,74,6,550-123,506403.4,5451658.34
Water Hydrant,6,84,6,550-122A,506479.17,5451735.97
Water Hydrant,6,98,6,550-120A,506513.1726,5451819.5911
Water Hydrant,6,58,6,410-057,507459.8343,5451765.3605
Water Hydrant,6,76,6,410-061,507546.4213,5451818.1199
Water Hydrant,6,68,6,410-061A,507546.488,5451731.018
Water Hydrant,6,88,6,550-096,505471.68,5451943.42
Water Hydrant,6,98,6,550-099,505685.9537,5451921.8005
Water Hydrant,6,94,6,550-100,505738.3843,5451856.0085
Water Hydrant,6,90,6,550-101,505801.22,5451804.39
Water Hydrant,6,84,6,550-129,506009.69,5451843.68
Water Hydrant,6,92,6,550-122,506348.61,5451860.36
Water Hydrant,6,108,6,550-119,506643.96,5451864.64
Water Hydrant,6,96,6,504E-032,506870.37,5451928
Water Hydrant,6,96,6,504E-030,507045.23,5451918.28
Water Hydrant,6,92,6,504E-029,507181.71,5451892.69
Water Hydrant,6,100,6,504E-045,507288.5407,5451839.4766
Water Hydrant,6,100,6,504E-044,507373.1371,5451911.1624
Water Hydrant,6,110,6,504E-043,507408.6293,5451828.2509
Water Hydrant,6,56,6,410-056,507517.0351,5451838.4781
Water Hydrant,6,74,6,410-063,507594.14,5451895.28
Water Hydrant,6,88,6,550-104,505806.66,5452089.92
Water Hydrant,6,98,6,550-103,505890.1,5451988.65
Water Hydrant,6,100,6,550-112,506069.12,5452055.97
Water Hydrant,6,98,6,550-111,506135,5451976
Water Hydrant,6,102,6,550-110,506250.86,5452065.54
Water Hydrant,6,90,6,504E-024,506785.13,5452041.55
Water Hydrant,6,88,6,504E-025,506841.8,5451994.01
Water Hydrant,6,90,6,504E-023,506775.88,5452088.27
Water Hydrant,6,110,6,350W-050A,505294.7385,5449224.0907
Water Hydrant,6,110,6,350W-051,505340.11,5449282.71
Water Hydrant,6,110,6,350W-050,505346.2861,5449138.1828
Water Hydrant,6,110,6,350W-047,505468.1,5449190.21
Water Hydrant,6,110,6,350W-052,505393.0572,5449221.1199
Water Hydrant,6,106,6,550-118,506485.1989,5451968.6893
Water Hydrant,6,102,6,550-121,506524.3816,5451875.8499
Water Hydrant,6,72,6,504W-016A,506974.0113,5450923.339
Water Hydrant,6,110,6,350W-064,503485.4631,5447280.2056
Water Hydrant,6,86,,504W-026A,506294.9993,5450427.2353
Water Hydrant,6,106,6,504W-011A,507029.757,5450472.7783
Water Hydrant,6,114,6,504W-045A,505788.5732,5450210.9072
Water Hydrant,6,106,6,350E-042A,505763.3851,5449866.1176
Water Hydrant,6,126,6,550-016,503751.3176,5450003.5019
Water Hydrant,6,76,6,550-039A,504242.8013,5450826.9481
Water Hydrant,6,90,,504E-049A,507472.5921,5452790.8053
Water Hydrant,6,100,6,425+-008A,503393.2924,5449468.8783
Water Hydrant,6,110,6,350W-007A,503737.8319,5448209.0952
Water Hydrant,6,110,6,350W-008,503867.3167,5447782.9302
Water Hydrant,6,110,6,350W-066,503720.0679,5447425.5888
Water Hydrant,6,110,6,350W-065,503597.3658,5447347.7403
Water Hydrant,6,110,6,350W-067,503791.8237,5447566.2712
Water Hydrant,6,110,6,350W-068,503744.0368,5447535.9463
Water Hydrant,6,110,6,350W-069,503715.8941,5447648.2851
Water Hydrant,6,80,6,410-065,507645.7156,5451858.7952
Water Hydrant,6,90,6,410-064,507659.5866,5451772.3922
Water Hydrant,6,90,6,410-019,508075.1706,5452797.79
Water Hydrant,6,136,6,425+-026,504093.0671,5449622.3925
Water Hydrant,6,128,6,425+-027,503926.35,5449560.96
Water Hydrant,6,96,6,504W-062,505050.6178,5450554.7902
Water Hydrant,6,88,6,504W-063,504984.3338,5450606.5442
Water Hydrant,6,108,6,504W-064,504946.4358,5450464.0972
Water Hydrant,6,94,6,504W-068,505114.494,5450703.5192
Water Hydrant,6,58,6,504W-069,505198.837,5450896.8019
Water Hydrant,6,82,6,504W-071,504940.855,5450698.3435
Water Hydrant,6,80,6,550-163,506796.654,5451148.5236
Water Hydrant,6,78,6,650-019,506961.41,5452927.36
Water Hydrant,6,104,6,504W-057A,505150.1253,5450437.59
Water Hydrant,6,110,4,350W-009,503979.01,5447623.53
Water Hydrant,6,110,6,350W-043,504133.05,5447662.19
Water Hydrant,6,110,6,350W-003,503241.34,5447761.53
Water Hydrant,6,110,4,350W-010,504246.7576,5447782.9446
Water Hydrant,6,110,6,350W-042,504285.3423,5447758.7241
Water Hydrant,6,110,6,350W-041,504409.48,5447846.1214
Water Hydrant,6,110,6,350W-040,504474.3977,5447895.1992
Water Hydrant,6,110,6,350W-006,503517.68,5447937.11
Water Hydrant,6,110,6,350W-007,503685.49,5448043.73
Water Hydrant,6,110,4,350W-013,504059.6218,5447904.3492
Water Hydrant,6,110,6,350W-012,504141.61,5447946.32
Water Hydrant,6,110,6,350W-020,504415.7075,5448010.5432
Water Hydrant,6,110,6,350W-039,504588.5778,5447981.5288
Water Hydrant,6,110,6,350W-062,503456.4,5448196.05
Water Hydrant,6,110,6,350W-061,503440.32,5448099.67
Water Hydrant,6,110,6,350W-011,504091.09,5448082.36
Water Hydrant,6,110,6,350W-019,504375.6854,5448073.7869
Water Hydrant,6,110,6,350W-021,504507.1405,5448085.8873
Water Hydrant,6,110,6,350W-022,504501.7759,5448183.091
Water Hydrant,6,110,6,350W-038,504700.6038,5448085.8486
Water Hydrant,6,110,6,350W-060,503348.06,5448221.74
Water Hydrant,6,110,6,350W-063,503549.07,5448254.48
Water Hydrant,6,110,6,350W-014,503937.344,5448076.1772
Water Hydrant,6,104,6,425+-015,504796.69,5450242.16
Water Hydrant,6,148,6,504W-059,504966.12,5450210.74
Water Hydrant,6,140,6,504W-056,505101.67,5450231.34
Water Hydrant,6,92,6,350E-051A,505178.19,5450183.07
Water Hydrant,6,130,6,504W-055,505214.08,5450273.02
Water Hydrant,6,102,6,504W-047,505591.04,5450282.68
Water Hydrant,6,104,6,504W-045,505740.39,5450276.66
Water Hydrant,6,118,6,504W-046,505661.88,5450197.61
Water Hydrant,6,106,6,504W-037,505936.02,5450229.67
Water Hydrant,6,112,6,504W-036,505964.12,5450178.59
Water Hydrant,6,96,6,504W-030,506094.76,5450282.03
Water Hydrant,6,116,6,504W-029,506203.016,5450099.8278
Water Hydrant,6,56,6,350E-030,506381.17,5450216.22
Water Hydrant,6,68,6,350E-032,506551.4431,5450229.8101
Water Hydrant,6,70,6,350E-031,506448.29,5450151.15
Water Hydrant,6,124,6,504W-013A,506612.447,5450280.0696
Water Hydrant,6,76,6,350E-034,506829.43,5450296.27
Water Hydrant,6,78,6,350E-033,506757.01,5450243.37
Water Hydrant,6,76,6,350E-034A,506726.77,5450236.7
Water Hydrant,6,64,6,550-160,506517.7173,5451485.569
Water Hydrant,6,62,6,550-158,506395.6108,5451384.9291
Water Hydrant,6,60,6,550-152,506233.1315,5451250.7924
Water Hydrant,6,62,6,550-146,506110.5622,5451164.0746
Water Hydrant,6,84,10,504W-026B,506352.8754,5450474.8472
Water Hydrant,,108,,350W-007B,503820.0841,5448072.7616
Water Hydrant,6,114,6,350W-003A,503200.1148,5447789.6501
Water Hydrant,6,82,6,550-067A,505585.9205,5451355.4894
Water Hydrant,6,,6,350W-080,503188.9882,5447321.7486
Water Hydrant,6,108,6,350W-081,503281.0093,5447313.0305
Water Hydrant,,,,350W-063a,503381.8679,5447223.288
Water Hydrant,6,110,6,350W-035,504441.6,5449020.12
Water Hydrant,6,110,6,350W-031,504363.76,5448970.74
Water Hydrant,6,110,6,350W-034,504546.61,5449075.96
Water Hydrant,6,110,6,350W-053,505024.79,5449131.12
Water Hydrant,6,110,6,350W-049,505162.76,5449125.42
Water Hydrant,6,100,4,425+-008,503457.72,5449521.98
Water Hydrant,6,112,6,350E-082,505477.3376,5449545.8825
Water Hydrant,6,112,6,350E-081,505557.0747,5449540.8871
Water Hydrant,6,112,6,350E-080,505619.1662,5449525.622
Water Hydrant,6,112,6,350E-066,505752.35,5449488.33
Water Hydrant,6,112,6,350E-065,505813.82,5449486.9
Water Hydrant,6,112,6,350E-064,505893.83,5449485.03
Water Hydrant,6,116,6,350E-074,505937.4,5449520.5
Water Hydrant,6,112,6,350E-063,505973.96,5449481.49
Water Hydrant,6,112,6,350E-062,506035.38,5449479.91
Water Hydrant,6,112,6,350E-059,506214.65,5449488.48
Water Hydrant,6,112,6,350E-060,506169.27,5449474.36
Water Hydrant,6,112,6,350E-061,506104.95,5449478.13
Water Hydrant,6,112,6,350E-058,506284.47,5449538.9
Water Hydrant,6,132,6,550-007,503338.02,5449671.49
Water Hydrant,6,102,6,425+-021,503646.7495,5449590.7833
Water Hydrant,6,112,6,350E-086,505326.9181,5449683.4359
Water Hydrant,6,112,6,350E-085,505304.6614,5449638.7752
Water Hydrant,6,114,6,350E-084,505373.08,5449587.66
Water Hydrant,6,112,6,350E-083,505440.8045,5449631.4394
Water Hydrant,6,,6,350E-088,505489.32,5449697.36
Water Hydrant,6,116,6,350E-070,505604.9444,5449673.1835
Water Hydrant,6,114,6,350E-069,505637.8823,5449625.9882
Water Hydrant,6,114,6,350E-089,505535.68,5449642.39
Water Hydrant,6,112,6,350E-067,505688.03,5449578.39
Water Hydrant,6,116,6,350E-071,505746.8758,5449618.7272
Water Hydrant,6,116,6,350E-072,505820.798,5449600.1003
Water Hydrant,6,116,6,350E-073,505889.9891,5449593.3255
Water Hydrant,6,114,6,350E-076,506036.7799,5449578.9532
Water Hydrant,6,116,6,350E-075,505973.6094,5449585.1386
Water Hydrant,6,116,6,350E-054,506277.5604,5449694.3086
Water Hydrant,6,116,6,350E-078,506180.81,5449618.63
Water Hydrant,6,,6,350E-056,506232.06,5449671.91
Water Hydrant,6,114,6,350E-077,506116.21,5449570.98
Water Hydrant,6,110,6,350E-057,506275.8516,5449595.342
Water Hydrant,6,134,6,550-001,503047.61,5449780.49
Water Hydrant,6,116,6,550-005,503222.74,5449808.95
Water Hydrant,6,124,6,550-006,503277.73,5449743
Water Hydrant,6,76,6,425+-007,503540.73,5449707.73
Water Hydrant,6,120,6,550-010,503416.09,5449846.23
Water Hydrant,6,74,6,425+-006,503681.6982,5449824.4436
Water Hydrant,6,78,6,425+-009,503745.46,5449750.37
Water Hydrant,6,108,6,425+-019,503992.97,5449735.01
Water Hydrant,6,88,6,425+-005,503915.35,5449828.56
Water Hydrant,6,126,6,425+-025,504268.12,5449762.94
Water Hydrant,6,110,6,425+-018,504180.5,5449823.46
Water Hydrant,6,140,6,425+-024,504457.06,5449834.7
Water Hydrant,6,,6,350E-087,505351.146,5449728.7366
Water Hydrant,6,116,6,350E-068,505514.9216,5449713.3275
Water Hydrant,6,114,6,350E-028,505841.37,5449773.28
Water Hydrant,6,114,6,350E-027,506093.57,5449716.17
Water Hydrant,6,114,6,350E-039,506141.92,5449781.16
Water Hydrant,6,114,6,350E-053,506319.68,5449704.84
Water Hydrant,6,116,6,350E-052,506470.71,5449748.69
Water Hydrant,6,116,6,350E-023,506442.3544,5449846.4528
Water Hydrant,6,115,6,350E-011,506600.99,5449824.12
Water Hydrant,6,140,6,550-002,502994.69,5449856.04
Water Hydrant,6,104,6,550-003,503115.76,5449936.33
Water Hydrant,6,108,6,550-004,503164.78,5449875.17
Water Hydrant,6,114,6,550-009,503315.35,5449983.01
Water Hydrant,6,118,6,550-014,503562.99,5449967.72
Water Hydrant,6,126,4,550-015,503622.09,5449897.08
Water Hydrant,6,70,6,425+-010,503827.55,5449934.94
Water Hydrant,6,144,6,550-022,503970.54,5449909.22
Water Hydrant,6,72,6,425+-004,504072.89,5449983.29
Water Hydrant,6,108,6,425+-017,504343.83,5449958.3
Water Hydrant,6,142,6,425+-023,504617.1245,5449925.5123
Water Hydrant,6,114,6,350E-046,505238.323,5449872.1691
Water Hydrant,6,114,6,350E-048,505372.51,5449954.69
Water Hydrant,6,116,6,350E-044,505615.8,5449893.37
Water Hydrant,6,80,6,350E-042B,505727.29,5449936.69
Water Hydrant,6,112,6,350E-042,505774.17,5449879.94
Water Hydrant,6,104,6,350E-041B,505848.35,5449923.72
Water Hydrant,6,94,6,350E-041,506015.1,5449935.35
Water Hydrant,6,80,6,504E-027A,507210.224,5451991.1229
Water Hydrant,6,110,6,350W-082,503245.365,5447218.9307
Water Hydrant,6,,6,350W-083,503288.6417,5447164.8283
Water Hydrant,6,76,6,550-057A,504843.2668,5451311.9092
Water Hydrant,6,80,6,550-052A,504669.8879,5451295.6477
Water Hydrant,6,72,6,550-172,506429.4472,5452378.6294
Water Hydrant,6,126,6,550-008,503475.0909,5449778.7139
Water Hydrant,6,116,6,550-009A,503358.3306,5449914.1454
Water Hydrant,6,72,6,504W-075,504855.232,5450769.4403
Water Hydrant,4,108,,350W-045,504953.8217,5448847.5321
Water Hydrant,,,,550-088A,505857.4163,5451072.3854
Water Hydrant,,65,,410-006A,507701.7365,5453196.9377
